﻿<?xml version="1.0" encoding="utf-8"?>
<Applicants>

  <Applicant>

    <PersonalInfo FirstName="" LastName="" Age="17" Email="lqlq@ldl.com">
      <Address Country="" State="" City=""/>
      <PhoneNumber></PhoneNumber>
      <Passwords>
        <Password></Password>
        <ConfirmPassword></ConfirmPassword>
      </Passwords>
    </PersonalInfo>

    <StudentInfo FacultyNumber="59342" Course="">
      <MainCourse></MainCourse>
      <OptionalCourses>
        <OptionalCourse Name="" Credits="5">
          <Professor FirstName="" LastName=""></Professor>
        </OptionalCourse>

        <OptionalCourse Name="" Credits="1">
          <Professor FirstName="" LastName=""></Professor>
        </OptionalCourse>
      </OptionalCourses>

    </StudentInfo>

  </Applicant>


</Applicants>